Subject Number,p-Value
1,1.8644826952251002e-22
2,2.5063680872498996e-63
4,3.1732766365163424e-09
5,6.0057359311026426e-06
6,5.222249941065004e-59
